-- phpMyAdmin SQL Dump
-- version 4.8.3
-- https://www.phpmyadmin.net/
--
-- 主机： localhost
-- 生成日期： 2018-12-27 15:09:47
-- 服务器版本： 5.7.23-log
-- PHP 版本： 5.6.38

SET SQL_MODE = "NO_AUTO_VALUE_ON_ZERO";
SET AUTOCOMMIT = 0;
START TRANSACTION;
SET time_zone = "+00:00";


/*!40101 SET @OLD_CHARACTER_SET_CLIENT=@@CHARACTER_SET_CLIENT */;
/*!40101 SET @OLD_CHARACTER_SET_RESULTS=@@CHARACTER_SET_RESULTS */;
/*!40101 SET @OLD_COLLATION_CONNECTION=@@COLLATION_CONNECTION */;
/*!40101 SET NAMES utf8mb4 */;

--
-- 数据库： `bs`
--

-- --------------------------------------------------------

--
-- 表的结构 `ld_admin`
--

CREATE TABLE `ld_admin` (
  `id` int(10) UNSIGNED NOT NULL,
  `user_name` varchar(50) NOT NULL DEFAULT '',
  `password` char(32) NOT NULL DEFAULT '',
  `create_time` int(10) UNSIGNED NOT NULL DEFAULT '0'
) ENGINE=InnoDB DEFAULT CHARSET=utf8mb4;

--
-- 转存表中的数据 `ld_admin`
--

INSERT INTO `ld_admin` (`id`, `user_name`, `password`, `create_time`) VALUES
(1, 'ld', '123456', 0);

-- --------------------------------------------------------

--
-- 表的结构 `ld_app_active`
--

CREATE TABLE `ld_app_active` (
  `id` int(10) UNSIGNED NOT NULL,
  `version` int(8) UNSIGNED NOT NULL DEFAULT '0',
  `app_type` varchar(20) NOT NULL DEFAULT '',
  `version_code` varchar(10) NOT NULL DEFAULT '',
  `did` varchar(100) NOT NULL DEFAULT '',
  `model` varchar(30) NOT NULL DEFAULT '',
  `create_time` int(10) UNSIGNED NOT NULL DEFAULT '0'
) ENGINE=InnoDB DEFAULT CHARSET=utf8;

-- --------------------------------------------------------

--
-- 表的结构 `ld_company`
--

CREATE TABLE `ld_company` (
  `id` int(10) UNSIGNED NOT NULL,
  `name` varchar(30) NOT NULL DEFAULT '' COMMENT '公司名称',
  `owner` int(10) UNSIGNED NOT NULL DEFAULT '0' COMMENT '公司所有者',
  `invitation_code` varchar(10) NOT NULL DEFAULT '' COMMENT '公司邀请码',
  `create_time` int(10) UNSIGNED NOT NULL DEFAULT '0' COMMENT '公司创建时间'
) ENGINE=InnoDB DEFAULT CHARSET=utf8mb4;

--
-- 转存表中的数据 `ld_company`
--

INSERT INTO `ld_company` (`id`, `name`, `owner`, `invitation_code`, `create_time`) VALUES
(21, 'liudong', 4, '4', 1544423228),
(22, '刘东', 4, 'EH8EVP', 1544423412),
(23, 'test', 3, '2L19F3', 1544425315),
(24, 'aaaaaa', 3, 'KBIPL5', 1544425347),
(26, 'aaaaaafasdf', 3, '6E3GLU', 1544425410),
(27, 'aaaaaafasdfsadfsdf', 3, 'JJV3QS', 1544425480),
(37, 'aaaaaafasdfsadfsdffsdf', 3, '0VSUQ8', 1544425625),
(43, 'aaaaaa111', 3, 'FDHSEQ', 1544425738),
(45, 'aaaaaa1111', 3, '5BDOTK', 1544425804),
(46, '88888', 4, 'IU27UL', 1544436773);

-- --------------------------------------------------------

--
-- 表的结构 `ld_department`
--

CREATE TABLE `ld_department` (
  `id` int(10) UNSIGNED NOT NULL,
  `name` varchar(30) NOT NULL DEFAULT '' COMMENT '部门名称',
  `company_id` int(10) UNSIGNED NOT NULL DEFAULT '0' COMMENT '公司id',
  `create_time` int(10) UNSIGNED NOT NULL DEFAULT '0'
) ENGINE=InnoDB DEFAULT CHARSET=utf8mb4;

--
-- 转存表中的数据 `ld_department`
--

INSERT INTO `ld_department` (`id`, `name`, `company_id`, `create_time`) VALUES
(1, '董事长室', 45, 1544425804),
(2, '董事长室', 46, 1544436773);

-- --------------------------------------------------------

--
-- 表的结构 `ld_labexecute`
--

CREATE TABLE `ld_labexecute` (
  `id` int(11) NOT NULL,
  `task_id` int(11) NOT NULL COMMENT '任务id',
  `images` varchar(600) NOT NULL,
  `is_electriferous` tinyint(1) NOT NULL COMMENT '是否带电 0 1',
  `is_finish` tinyint(1) NOT NULL COMMENT '是否完成 0 1',
  `issue` varchar(300) NOT NULL COMMENT '问题说明',
  `export` varchar(250) NOT NULL COMMENT '导出图片的地址',
  `create_time` int(11) NOT NULL
) ENGINE=MyISAM DEFAULT CHARSET=utf8;

--
-- 转存表中的数据 `ld_labexecute`
--

INSERT INTO `ld_labexecute` (`id`, `task_id`, `images`, `is_electriferous`, `is_finish`, `issue`, `export`, `create_time`) VALUES
(24, 79, '', 1, 1, '', '', 1541736559),
(25, 78, '', 1, 0, '问题很大,做不完', '20181112/e6493d4292aa395b5c0a37f248d1727d.png', 1541746160),
(26, 78, '', 1, 1, '问题很大,做不完', '20181110/e627244ab1a94972be3245d5c03da366.png', 1541746175),
(27, 76, '', 1, 1, '', '20181112/f7597c7ecdd02e949729744b6417294f.png', 1541751246),
(28, 80, '', 0, 0, '越抄越死', '', 1541816562),
(23, 76, '', 0, 0, '金鸡湖了额吉岛', '', 1541731085),
(29, 81, '', 1, 1, '', '', 1542264733),
(30, 81, '', 1, 2, '', '', 1542264760),
(31, 81, '', 1, 1, '', '', 1542264797),
(32, 81, '', 1, 2, '发生大发发斯蒂芬', '', 1542264901),
(33, 77, '', 1, 0, '明灭他们的时候', '', 1542274115),
(34, 82, '', 1, 0, '123456', '', 1542332678),
(35, 82, '', 0, 0, '99999999', '', 1542333048),
(36, 82, '', 0, 0, '好多好多好多好多好多好多好多好多好多好多好多好多话都好多好多好多话好多好多好多好多', '', 1542333660),
(37, 82, '', 2, 1, '', '', 1542334021),
(38, 85, '', 1, 0, '是的法规', '', 1542445725),
(39, 87, '', 1, 1, '', '', 1542461284),
(40, 86, '', 1, 1, '', '', 1542607772),
(41, 91, '', 1, 0, '哈哈哈哈', '', 1542608112),
(42, 92, '', 1, 0, '给你们', '', 1542613335),
(43, 85, '', 0, 0, '哈比比', '', 1542615188),
(44, 94, '', 1, 1, '', '', 1542615732),
(45, 95, '', 1, 0, '', '', 1542615940),
(46, 95, '', 1, 1, '', '', 1542617176),
(47, 96, '', 1, 1, '', '', 1542682226),
(48, 97, '', 1, 0, '', '', 1542704962),
(49, 99, '', 0, 0, '来咯', '', 1542852359),
(50, 107, '', 1, 1, '', '', 1542876052);

-- --------------------------------------------------------

--
-- 表的结构 `ld_labexrecord`
--

CREATE TABLE `ld_labexrecord` (
  `id` int(11) NOT NULL,
  `ex_id` int(11) NOT NULL COMMENT '执行id',
  `kind` varchar(60) NOT NULL DEFAULT '' COMMENT '试验项',
  `images` varchar(600) NOT NULL DEFAULT '' COMMENT '对应试验项的图片',
  `explains` varchar(150) NOT NULL DEFAULT '' COMMENT '对应试验项说明'
) ENGINE=MyISAM DEFAULT CHARSET=utf8;

--
-- 转存表中的数据 `ld_labexrecord`
--

INSERT INTO `ld_labexrecord` (`id`, `ex_id`, `kind`, `images`, `explains`) VALUES
(28, 27, '变频电缆试验', '20181109/bf29ded85656e290565323be395f2ef3.jpeg,20181109/41f9086a10ae82653c3aecf0e90d9c17.jpeg', '你借合伙做的，！！，。我看看能不能去上班呢还是要继续睡觉啊啊啊吧我们后台操作流程是怎样的体验过来找我的啊？我看看有没有什么办法能给我发个照片给我看看能不能给你什么感觉你现在'),
(27, 27, '牛顾客额累哦', '20181109/3e29944d99e8c54b13123c6079066ad0.jpeg,20181109/806f86ca9b19a341a23742c933c35338.jpeg,20181109/78ec3cfedc1fed3473783ca24d75273d.jpeg', ''),
(26, 26, '试验项3', '20181026/5c437a9e8ccbfd4f3d9c973dcb20f115.png,20181026/5d7ce242c21a1c80e54f6059ad7336da.png', '说明1'),
(25, 26, '试验项2', '20181026/5c437a9e8ccbfd4f3d9c973dcb20f115.png,20181026/5d7ce242c21a1c80e54f6059ad7336da.png', '说明1'),
(24, 26, '试验项1', '20181026/5c437a9e8ccbfd4f3d9c973dcb20f115.png,20181026/5d7ce242c21a1c80e54f6059ad7336da.png', '说明1'),
(20, 24, '变压器非电量保护试验', '20181109/9d4fe54e895be0cfadf7beca76d5dd35.jpeg', '测试结果'),
(21, 25, '试验项1', '20181026/5c437a9e8ccbfd4f3d9c973dcb20f115.png,20181026/5d7ce242c21a1c80e54f6059ad7336da.png', '说明1'),
(22, 25, '试验项2', '20181026/5c437a9e8ccbfd4f3d9c973dcb20f115.png,20181026/5d7ce242c21a1c80e54f6059ad7336da.png', '说明1'),
(23, 25, '试验项3', '20181026/5c437a9e8ccbfd4f3d9c973dcb20f115.png,20181026/5d7ce242c21a1c80e54f6059ad7336da.png', '说明1'),
(18, 23, '超低频电缆试验', '20181109/1fdfbac7040c8b8020ed4fb7b66e07a2.jpeg', ''),
(19, 24, '三相异步电动机试验', '20181109/f9eae7e792f252aa922a6b61fe92fb62.jpeg', ''),
(29, 27, '氧化锌避雷器试验', '20181109/5467c2323780751d12a29a0d4dea2113.jpeg,20181109/daec96ec50ea3c405614408b80cba373.jpeg,20181109/f5157c2dab500be597e4eba2e1c0133f.jpeg,20181109/a62848da12a9425cd2c367d0db0b22dd.jpeg', ''),
(30, 28, '教了第一课', '20181110/294877d7a78fd8be453afaaa37acdb2d.jpeg,20181110/a3a6bae0b18c45f1c2aafa030c894cdd.jpeg', '读书不认字，认字不读书'),
(31, 29, '地网电阻值试验', '20181115/2d9e9b03f9f946d07cd39fe7900f4f18.jpeg', 'FADSFASF'),
(32, 30, '地网电阻值试验', '20181115/2d9e9b03f9f946d07cd39fe7900f4f18.jpeg', 'FADSFASF'),
(33, 31, '水电费广告', '20181115/7f0e7d52425ff8ebc87616c98fdd8f97.jpeg', '三个法师法规'),
(34, 32, '地网电阻值试验', '20181115/a19fd2e7f07b363d8fd4aa60a3693864.png', '发顺丰'),
(35, 32, '发顺丰', '20181115/85dfb7861f2cb66d797a057eccaab7de.png', '发的说法'),
(36, 33, '超低频电缆试验阿狸', '20181115/6e2825ccdfb078338d5cbd96fbb4f58c.jpeg,20181115/e58565d3230fb4a05088a281d2d519b9.jpeg', '你借给我的感觉真好啊？'),
(37, 33, '变频电缆试验', '20181115/73051f2d1c59d6507ef7824171d64a29.jpeg', ''),
(38, 34, '三相异步电动机试验', '20181116/5e5f0a9b8f638235a4924ed0bc56218c.jpeg,20181116/8f848afa9805e14c19867be72bf528f0.jpeg', '电话好多好多话'),
(39, 35, '重合闸试验', '20181116/d663570407e2a2d09eccacc85b0bbd6a.jpeg', ''),
(40, 36, '变压器非电量保护试验', '20181116/ea785fcc5189fb9632c0b64d3cfb55bc.jpeg', ''),
(41, 37, '三相异步电动机试验', '20181116/8339af3e81be2996b28bba3c3d7a5a38.jpeg', ''),
(42, 38, '撒旦法国地税分工', '20181117/a8dbc24e62c04b817a4a15caced463ae.png', '深V地方广东省'),
(43, 39, '地网电阻值试验', '20181117/c7c506f85297945c1d28a3e83a951bfc.jpg', '测试'),
(44, 40, '三相异步电动机试验', '20181119/4acd02df1c378ca60b74a86dee349569.png,20181119/c64078dee790d0f292c1fb2ea7797b11.png', ''),
(45, 40, '电缆故障检测', '20181119/dae6df183ceeed838c1bff99cebe677d.png', ''),
(46, 40, '信号继电器试验', '20181119/9a2a87c1467f2be58c15eeb11a583a24.png', ''),
(47, 41, '重合闸试验', '20181119/388d5d890e1c0c7d4e2f64bc8c316817.png', '哈哈哈'),
(48, 42, '哈哈哈', '20181119/1621196473e616fdcbf5da2672c29b0e.png', '哈哈'),
(49, 43, '变频电缆试验', '20181119/731552cfc587b7328b99d0b0f5beead4.png', ''),
(50, 44, '地网电阻值试验', '20181119/3b59b5bda11b930803fff9987d276dcf.png', '测试一下'),
(51, 44, '变压器调档试验', '20181119/eed2340b1c8b9e3207fbf1a58b9af227.png', '再测试一下'),
(52, 45, '变频电缆试验', '20181119/418aab05f26e90161d317b502cf38d05.png', ''),
(53, 46, '真空断路器开关试验', '20181119/aba06992f4727330b7765674ebfb4e70.png', '测试项目'),
(54, 47, '地网电阻值试验', '20181120/77a3e3333e91c75e9233171ae0fe612f.jpeg', ''),
(55, 48, '地网电阻值试验', '20181120/5b4332a86ffc7946a3964b543cceda45.png', '测试一下'),
(56, 49, '超低频电缆试验', '20181122/3185b962dcb90c7f534764084a429e5a.png,20181122/d0143daa09fb4ee2f4d5a510bc7a177a.png', '你几斤'),
(57, 49, '比较熟练', '20181122/b5b56983501c011b686449093fd12820.png', ''),
(58, 50, '地网电阻值试验', '20181122/e624c084c8b5d34be4bbd0404a6cae45.png', '测试一下');

-- --------------------------------------------------------

--
-- 表的结构 `ld_labmessage`
--

CREATE TABLE `ld_labmessage` (
  `id` int(11) NOT NULL,
  `content` char(60) NOT NULL,
  `task_id` int(11) NOT NULL,
  `uid` int(11) NOT NULL,
  `create_time` int(11) NOT NULL
) ENGINE=MyISAM DEFAULT CHARSET=utf8;

--
-- 转存表中的数据 `ld_labmessage`
--

INSERT INTO `ld_labmessage` (`id`, `content`, `task_id`, `uid`, `create_time`) VALUES
(653, '任务完成了', 107, 564, 1542876052),
(652, '你的任务被接受了', 107, 564, 1542876020),
(651, '新的任务创建抄送给您！', 107, 565, 1542875975),
(650, '新的任务创建抄送给您！', 107, 566, 1542875975),
(649, '有一个新任务需要您参与！', 107, 564, 1542875975),
(648, '有一个新任务需要您参与！', 107, 565, 1542875975),
(647, '有一个新任务需要您参与！', 107, 566, 1542875975),
(646, '有一个新任务需要您参与！', 107, 569, 1542875975),
(645, '新的任务创建通知到您！', 107, 564, 1542875975),
(644, '有一个新任务需要您负责！', 107, 564, 1542875975),
(643, '你的任务被接受了', 88, 566, 1542873079),
(642, '新的任务创建抄送给您！', 106, 536, 1542869903),
(641, '有一个新任务需要您参与！', 106, 566, 1542869903),
(640, '有一个新任务需要您参与！', 106, 568, 1542869903),
(639, '有一个新任务需要您参与！', 106, 569, 1542869903),
(638, '新的任务创建通知到您！', 106, 567, 1542869903),
(637, '有一个新任务需要您负责！', 106, 567, 1542869903),
(636, '新的任务创建抄送给您！', 105, 536, 1542858997),
(635, '有一个新任务需要您参与！', 105, 566, 1542858997),
(634, '有一个新任务需要您参与！', 105, 568, 1542858997),
(633, '有一个新任务需要您参与！', 105, 569, 1542858997),
(632, '新的任务创建通知到您！', 105, 567, 1542858997),
(631, '有一个新任务需要您负责！', 105, 567, 1542858997),
(630, '新的任务创建抄送给您！', 104, 536, 1542858678),
(629, '有一个新任务需要您参与！', 104, 566, 1542858678),
(628, '有一个新任务需要您参与！', 104, 568, 1542858678),
(627, '有一个新任务需要您参与！', 104, 569, 1542858678),
(626, '新的任务创建通知到您！', 104, 567, 1542858678),
(625, '有一个新任务需要您负责！', 104, 567, 1542858678),
(624, '新的任务创建抄送给您！', 103, 536, 1542858078),
(623, '有一个新任务需要您参与！', 103, 566, 1542858078),
(622, '有一个新任务需要您参与！', 103, 568, 1542858078),
(621, '有一个新任务需要您参与！', 103, 569, 1542858078),
(620, '新的任务创建通知到您！', 103, 567, 1542858078),
(619, '有一个新任务需要您负责！', 103, 567, 1542858078),
(618, '新的任务创建抄送给您！', 102, 536, 1542858000),
(617, '有一个新任务需要您参与！', 102, 566, 1542858000),
(616, '有一个新任务需要您参与！', 102, 568, 1542858000),
(615, '有一个新任务需要您参与！', 102, 569, 1542858000),
(614, '新的任务创建通知到您！', 102, 567, 1542858000),
(613, '有一个新任务需要您负责！', 102, 567, 1542858000),
(612, '新的任务创建抄送给您！', 101, 536, 1542857654),
(611, '有一个新任务需要您参与！', 101, 566, 1542857654),
(610, '有一个新任务需要您参与！', 101, 568, 1542857654),
(609, '有一个新任务需要您参与！', 101, 569, 1542857654),
(608, '新的任务创建通知到您！', 101, 567, 1542857654),
(607, '有一个新任务需要您负责！', 101, 567, 1542857654),
(606, '新的任务创建抄送给您！', 100, 568, 1542855712),
(605, '新的任务创建抄送给您！', 100, 569, 1542855712),
(604, '新的任务创建抄送给您！', 100, 570, 1542855712),
(603, '有一个新任务需要您参与！', 100, 565, 1542855712),
(602, '有一个新任务需要您参与！', 100, 566, 1542855712),
(601, '有一个新任务需要您参与！', 100, 567, 1542855712),
(600, '新的任务创建通知到您！', 100, 567, 1542855712),
(599, '有一个新任务需要您负责！', 100, 567, 1542855712),
(598, '任务未完成', 99, 565, 1542852359),
(597, '你的任务被接受了', 99, 565, 1542852190),
(596, '新的任务创建抄送给您！', 99, 565, 1542852104),
(595, '新的任务创建抄送给您！', 99, 566, 1542852104),
(594, '新的任务创建抄送给您！', 99, 567, 1542852104),
(593, '新的任务创建抄送给您！', 99, 568, 1542852104),
(592, '有一个新任务需要您参与！', 99, 564, 1542852104),
(591, '有一个新任务需要您参与！', 99, 565, 1542852104),
(590, '有一个新任务需要您参与！', 99, 566, 1542852104),
(589, '有一个新任务需要您参与！', 99, 567, 1542852104),
(588, '有一个新任务需要您参与！', 99, 568, 1542852104),
(587, '有一个新任务需要您参与！', 99, 569, 1542852104),
(586, '有一个新任务需要您参与！', 99, 570, 1542852104),
(585, '新的任务创建通知到您！', 99, 565, 1542852104),
(584, '有一个新任务需要您负责！', 99, 566, 1542852104),
(583, '你的任务被接受了', 98, 564, 1542790795),
(582, '新的任务创建抄送给您！', 98, 565, 1542790779),
(581, '新的任务创建抄送给您！', 98, 566, 1542790779),
(580, '有一个新任务需要您参与！', 98, 564, 1542790779),
(579, '有一个新任务需要您参与！', 98, 565, 1542790779),
(578, '有一个新任务需要您参与！', 98, 566, 1542790779),
(577, '有一个新任务需要您参与！', 98, 569, 1542790779),
(576, '新的任务创建通知到您！', 98, 564, 1542790779),
(575, '有一个新任务需要您负责！', 98, 564, 1542790779),
(574, '任务未完成', 97, 564, 1542704962),
(573, '你的任务被接受了', 97, 564, 1542704812),
(572, '新的任务创建抄送给您！', 97, 565, 1542704764),
(571, '新的任务创建抄送给您！', 97, 566, 1542704764),
(570, '有一个新任务需要您参与！', 97, 564, 1542704764),
(569, '有一个新任务需要您参与！', 97, 565, 1542704764),
(568, '有一个新任务需要您参与！', 97, 566, 1542704764),
(567, '有一个新任务需要您参与！', 97, 567, 1542704764),
(566, '新的任务创建通知到您！', 97, 564, 1542704764),
(565, '有一个新任务需要您负责！', 97, 564, 1542704764),
(564, '任务完成了', 96, 570, 1542682226),
(563, '你的任务被接受了', 96, 570, 1542682062),
(562, '新的任务创建抄送给您！', 96, 570, 1542681990),
(561, '有一个新任务需要您参与！', 96, 568, 1542681990),
(560, '有一个新任务需要您参与！', 96, 569, 1542681990),
(559, '有一个新任务需要您参与！', 96, 570, 1542681990),
(558, '新的任务创建通知到您！', 96, 570, 1542681990),
(557, '有一个新任务需要您负责！', 96, 570, 1542681990),
(556, '任务完成了', 95, 564, 1542617176),
(555, '任务未完成', 95, 564, 1542615940),
(554, '你的任务被接受了', 95, 564, 1542615897),
(553, '新的任务创建抄送给您！', 95, 565, 1542615798),
(552, '有一个新任务需要您参与！', 95, 565, 1542615798),
(551, '有一个新任务需要您参与！', 95, 566, 1542615798),
(550, '新的任务创建通知到您！', 95, 564, 1542615798),
(549, '有一个新任务需要您负责！', 95, 564, 1542615798),
(548, '任务完成了', 94, 564, 1542615732),
(547, '你的任务被接受了', 94, 564, 1542615644),
(546, '新的任务创建抄送给您！', 94, 565, 1542615584),
(545, '有一个新任务需要您参与！', 94, 565, 1542615584),
(544, '有一个新任务需要您参与！', 94, 566, 1542615584),
(543, '新的任务创建通知到您！', 94, 564, 1542615584),
(542, '有一个新任务需要您负责！', 94, 564, 1542615584),
(541, '新的任务创建抄送给您！', 93, 564, 1542615565),
(540, '新的任务创建抄送给您！', 93, 565, 1542615565),
(539, '新的任务创建抄送给您！', 93, 569, 1542615565),
(538, '有一个新任务需要您参与！', 93, 564, 1542615565),
(537, '有一个新任务需要您参与！', 93, 565, 1542615565),
(536, '有一个新任务需要您参与！', 93, 566, 1542615565),
(535, '有一个新任务需要您参与！', 93, 567, 1542615565),
(534, '有一个新任务需要您参与！', 93, 568, 1542615565),
(533, '有一个新任务需要您参与！', 93, 569, 1542615565),
(532, '新的任务创建通知到您！', 93, 569, 1542615565),
(531, '有一个新任务需要您负责！', 93, 569, 1542615564),
(530, '任务未完成', 85, 569, 1542615188),
(529, '任务未完成', 92, 567, 1542613335),
(528, '你的任务被撤销了', 90, 566, 1542610931),
(527, '你的任务被接受了', 92, 567, 1542610381),
(526, '新的任务创建抄送给您！', 92, 564, 1542610369),
(525, '新的任务创建抄送给您！', 92, 565, 1542610369),
(524, '新的任务创建抄送给您！', 92, 566, 1542610369),
(523, '新的任务创建抄送给您！', 92, 567, 1542610369),
(522, '新的任务创建抄送给您！', 92, 568, 1542610369),
(521, '新的任务创建抄送给您！', 92, 569, 1542610369),
(520, '有一个新任务需要您参与！', 92, 564, 1542610369),
(519, '有一个新任务需要您参与！', 92, 565, 1542610369),
(518, '有一个新任务需要您参与！', 92, 566, 1542610369),
(517, '有一个新任务需要您参与！', 92, 567, 1542610369),
(516, '有一个新任务需要您参与！', 92, 568, 1542610369),
(515, '有一个新任务需要您参与！', 92, 569, 1542610369),
(514, '新的任务创建通知到您！', 92, 567, 1542610369),
(513, '有一个新任务需要您负责！', 92, 567, 1542610369),
(512, '任务未完成', 91, 567, 1542608112),
(511, '你的任务被接受了', 91, 567, 1542608055),
(510, '新的任务创建抄送给您！', 91, 564, 1542608038),
(509, '新的任务创建抄送给您！', 91, 565, 1542608038),
(508, '新的任务创建抄送给您！', 91, 566, 1542608038),
(507, '新的任务创建抄送给您！', 91, 567, 1542608038),
(506, '新的任务创建抄送给您！', 91, 568, 1542608038),
(505, '新的任务创建抄送给您！', 91, 569, 1542608038),
(504, '有一个新任务需要您参与！', 91, 564, 1542608038),
(503, '有一个新任务需要您参与！', 91, 565, 1542608038),
(502, '有一个新任务需要您参与！', 91, 566, 1542608038),
(501, '有一个新任务需要您参与！', 91, 567, 1542608038),
(500, '有一个新任务需要您参与！', 91, 568, 1542608038),
(499, '有一个新任务需要您参与！', 91, 569, 1542608038),
(498, '新的任务创建通知到您！', 91, 567, 1542608038),
(497, '有一个新任务需要您负责！', 91, 567, 1542608038),
(496, '任务完成了', 86, 567, 1542607772),
(495, '你的任务被接受了', 83, 569, 1542596827),
(494, '你的任务被接受了', 86, 567, 1542592245),
(493, '你的任务被接受了', 89, 566, 1542588182),
(492, '任务完成了', 87, 564, 1542461284),
(491, '你的任务被接受了', 90, 566, 1542451475),
(490, '新的任务创建抄送给您！', 90, 564, 1542448319),
(489, '新的任务创建抄送给您！', 90, 565, 1542448319),
(488, '有一个新任务需要您参与！', 90, 564, 1542448319),
(487, '有一个新任务需要您参与！', 90, 565, 1542448319),
(486, '有一个新任务需要您参与！', 90, 566, 1542448319),
(485, '有一个新任务需要您参与！', 90, 569, 1542448319),
(484, '新的任务创建通知到您！', 90, 566, 1542448319),
(483, '有一个新任务需要您负责！', 90, 566, 1542448319),
(482, '任务未完成', 85, 569, 1542445725),
(481, '新的任务创建抄送给您！', 89, 564, 1542423719),
(480, '新的任务创建抄送给您！', 89, 565, 1542423719),
(479, '新的任务创建抄送给您！', 89, 566, 1542423719),
(478, '新的任务创建抄送给您！', 89, 569, 1542423719),
(477, '有一个新任务需要您参与！', 89, 564, 1542423719),
(476, '有一个新任务需要您参与！', 89, 565, 1542423719),
(475, '有一个新任务需要您参与！', 89, 566, 1542423719),
(474, '有一个新任务需要您参与！', 89, 569, 1542423719),
(473, '新的任务创建通知到您！', 89, 566, 1542423719),
(472, '有一个新任务需要您负责！', 89, 566, 1542423719),
(471, '新的任务创建抄送给您！', 88, 564, 1542418465),
(470, '新的任务创建抄送给您！', 88, 565, 1542418465),
(469, '有一个新任务需要您参与！', 88, 565, 1542418465),
(468, '有一个新任务需要您参与！', 88, 566, 1542418465),
(467, '有一个新任务需要您参与！', 88, 567, 1542418465),
(466, '有一个新任务需要您参与！', 88, 568, 1542418465),
(465, '有一个新任务需要您参与！', 88, 569, 1542418465),
(464, '新的任务创建通知到您！', 88, 566, 1542418465),
(463, '有一个新任务需要您负责！', 88, 566, 1542418465),
(462, '你的任务被接受了', 87, 564, 1542392265),
(461, '新的任务创建抄送给您！', 87, 565, 1542392056),
(460, '有一个新任务需要您参与！', 87, 565, 1542392056),
(459, '有一个新任务需要您参与！', 87, 566, 1542392056),
(458, '新的任务创建通知到您！', 87, 564, 1542392056),
(457, '有一个新任务需要您负责！', 87, 564, 1542392056),
(456, '新的任务创建抄送给您！', 86, 569, 1542357736),
(455, '有一个新任务需要您参与！', 86, 566, 1542357736),
(454, '有一个新任务需要您参与！', 86, 568, 1542357736),
(453, '有一个新任务需要您参与！', 86, 569, 1542357736),
(452, '新的任务创建通知到您！', 86, 567, 1542357736),
(451, '有一个新任务需要您负责！', 86, 567, 1542357736),
(450, '你的任务被拒绝了', 84, 569, 1542357598),
(449, '你的任务被接受了', 85, 569, 1542353447),
(448, '新的任务创建抄送给您！', 85, 565, 1542351010),
(447, '有一个新任务需要您参与！', 85, 565, 1542351010),
(446, '有一个新任务需要您参与！', 85, 566, 1542351010),
(445, '有一个新任务需要您参与！', 85, 569, 1542351010),
(444, '新的任务创建通知到您！', 85, 569, 1542351010),
(443, '有一个新任务需要您负责！', 85, 569, 1542351010),
(442, '新的任务创建抄送给您！', 84, 565, 1542350810),
(441, '有一个新任务需要您参与！', 84, 565, 1542350810),
(440, '有一个新任务需要您参与！', 84, 566, 1542350810),
(439, '有一个新任务需要您参与！', 84, 569, 1542350810),
(438, '新的任务创建通知到您！', 84, 569, 1542350810),
(437, '有一个新任务需要您负责！', 84, 569, 1542350810),
(436, '新的任务创建抄送给您！', 83, 565, 1542350624),
(435, '有一个新任务需要您参与！', 83, 565, 1542350624),
(434, '有一个新任务需要您参与！', 83, 566, 1542350624),
(433, '有一个新任务需要您参与！', 83, 569, 1542350624),
(432, '新的任务创建通知到您！', 83, 569, 1542350624),
(431, '有一个新任务需要您负责！', 83, 569, 1542350624),
(430, '任务完成了', 82, 569, 1542334021),
(429, '任务未完成', 82, 569, 1542333660),
(428, '任务未完成', 82, 569, 1542333048),
(427, '任务未完成', 82, 569, 1542332678),
(426, '你的任务被接受了', 82, 569, 1542332431),
(425, '新的任务创建抄送给您！', 82, 569, 1542332106),
(424, '有一个新任务需要您参与！', 82, 566, 1542332106),
(423, '有一个新任务需要您参与！', 82, 567, 1542332106),
(422, '有一个新任务需要您参与！', 82, 568, 1542332106),
(421, '有一个新任务需要您参与！', 82, 569, 1542332106),
(420, '新的任务创建通知到您！', 82, 569, 1542332106),
(419, '有一个新任务需要您负责！', 82, 569, 1542332106),
(418, '任务未完成', 77, 565, 1542274115),
(417, '任务完成了', 81, 569, 1542264901),
(416, '任务完成了', 81, 569, 1542264797),
(415, '任务完成了', 81, 569, 1542264760),
(414, '任务完成了', 81, 569, 1542264733),
(413, '你的任务被接受了', 81, 569, 1542095608),
(412, '你的任务被接受了', 81, 569, 1542095513),
(411, '你的任务被接受了', 81, 569, 1542095240),
(410, '你的任务被接受了', 81, 569, 1542095155),
(409, '你的任务被拒绝了', 77, 565, 1542093750),
(408, '你的任务被接受了', 77, 565, 1542093739),
(407, '你的任务被接受了', 81, 569, 1542093343),
(406, '你的任务被拒绝了', 81, 569, 1542093161),
(405, '你的任务被接受了', 81, 569, 1542091997),
(404, '新的任务创建抄送给您！', 81, 569, 1542091057),
(403, '有一个新任务需要您参与！', 81, 566, 1542091057),
(402, '有一个新任务需要您参与！', 81, 567, 1542091057),
(401, '有一个新任务需要您参与！', 81, 568, 1542091057),
(400, '有一个新任务需要您参与！', 81, 569, 1542091057),
(399, '新的任务创建通知到您！', 81, 569, 1542091057),
(398, '有一个新任务需要您负责！', 81, 569, 1542091057),
(397, '任务未完成', 80, 565, 1541816562),
(396, '你的任务被接受了', 80, 565, 1541816468),
(395, '新的任务创建抄送给您！', 80, 11, 1541816428),
(394, '新的任务创建抄送给您！', 80, 8, 1541816428),
(393, '有一个新任务需要您参与！', 80, 568, 1541816428),
(392, '有一个新任务需要您参与！', 80, 566, 1541816428),
(391, '有一个新任务需要您参与！', 80, 564, 1541816428),
(390, '有一个新任务需要您参与！', 80, 565, 1541816428),
(389, '新的任务创建通知到您！', 80, 565, 1541816428),
(388, '有一个新任务需要您负责！', 80, 565, 1541816428),
(387, '任务完成了', 78, 565, 1541746175),
(386, '任务未完成', 78, 565, 1541746160),
(385, '你的任务被拒绝了', 78, 565, 1541745667),
(384, '你的任务被撤销了', 78, 565, 1541745650),
(383, '你的任务被接受了', 78, 565, 1541745632),
(382, '你的任务被拒绝了', 78, 565, 1541745536),
(381, '新的任务创建抄送给您！', 79, 13, 1541736458),
(380, '新的任务创建抄送给您！', 79, 8, 1541736458),
(379, '有一个新任务需要您参与！', 79, 564, 1541736458),
(378, '有一个新任务需要您参与！', 79, 565, 1541736458),
(377, '有一个新任务需要您参与！', 79, 566, 1541736458),
(376, '新的任务创建通知到您！', 79, 565, 1541736458),
(375, '有一个新任务需要您负责！', 79, 564, 1541736458),
(374, '新的任务创建抄送给您！', 78, 11, 1541669295),
(373, '新的任务创建抄送给您！', 78, 8, 1541669295),
(372, '有一个新任务需要您参与！', 78, 568, 1541669295),
(371, '有一个新任务需要您参与！', 78, 566, 1541669295),
(370, '有一个新任务需要您参与！', 78, 564, 1541669295),
(369, '有一个新任务需要您参与！', 78, 565, 1541669295),
(368, '新的任务创建通知到您！', 78, 565, 1541669295),
(367, '有一个新任务需要您负责！', 78, 565, 1541669295),
(366, '您有新的抄送任务', 77, 11, 1541667771),
(365, '您有新的抄送任务', 77, 8, 1541667771),
(364, '您参与了一个新的任务', 77, 568, 1541667771),
(363, '您参与了一个新的任务', 77, 566, 1541667771),
(362, '您参与了一个新的任务', 77, 564, 1541667771),
(361, '您参与了一个新的任务', 77, 565, 1541667771),
(360, '您有一个新的任务创建了', 77, 565, 1541667771),
(359, '您有新的任务待接受', 77, 565, 1541667771),
(358, '您有新的抄送任务', 76, 11, 1541665853),
(357, '您有新的抄送任务', 76, 8, 1541665853),
(356, '您参与了一个新的任务', 76, 568, 1541665853),
(355, '您参与了一个新的任务', 76, 566, 1541665853),
(354, '您参与了一个新的任务', 76, 564, 1541665853),
(353, '您参与了一个新的任务', 76, 565, 1541665853),
(352, '您有一个新的任务创建了', 76, 565, 1541665853),
(351, '您有新的任务待接受', 76, 565, 1541665853),
(350, '您有新的抄送任务', 75, 11, 1541664249),
(349, '您有新的抄送任务', 75, 8, 1541664249),
(348, '您参与了一个新的任务', 75, 568, 1541664249),
(347, '您参与了一个新的任务', 75, 566, 1541664249),
(346, '您参与了一个新的任务', 75, 564, 1541664249),
(345, '您参与了一个新的任务', 75, 565, 1541664249),
(344, '您有一个新的任务创建了', 75, 565, 1541664249),
(343, '您有新的任务待接受', 75, 565, 1541664249);

-- --------------------------------------------------------

--
-- 表的结构 `ld_labtask`
--

CREATE TABLE `ld_labtask` (
  `id` int(11) NOT NULL,
  `create_man` int(10) UNSIGNED NOT NULL COMMENT '创建人',
  `pm` int(10) UNSIGNED NOT NULL,
  `title` varchar(120) NOT NULL,
  `depict` varchar(300) NOT NULL,
  `principal` int(11) NOT NULL,
  `players` varchar(120) NOT NULL COMMENT '参与人',
  `finish_time` int(11) NOT NULL,
  `addr` varchar(120) NOT NULL,
  `tel` varchar(20) NOT NULL COMMENT '联系电话',
  `linkman` varchar(20) NOT NULL COMMENT '联系人',
  `item_id` varchar(60) NOT NULL COMMENT '项目id',
  `cpman` varchar(120) NOT NULL COMMENT '抄送人',
  `type` tinyint(1) NOT NULL COMMENT '试验类型 1交接性试验 2预防性试验',
  `create_time` int(11) NOT NULL,
  `status` tinyint(1) NOT NULL DEFAULT '1' COMMENT '任务状态 1待接收 2待执行 3未完成 4已完成',
  `reason` varchar(120) NOT NULL DEFAULT '' COMMENT '拒接理由'
) ENGINE=MyISAM DEFAULT CHARSET=utf8;

--
-- 转存表中的数据 `ld_labtask`
--

INSERT INTO `ld_labtask` (`id`, `create_man`, `pm`, `title`, `depict`, `principal`, `players`, `finish_time`, `addr`, `tel`, `linkman`, `item_id`, `cpman`, `type`, `create_time`, `status`, `reason`) VALUES
(102, 569, 567, '27', 'hhshsh', 567, '569,568,566', 1542902399, '广东省梅州市梅江区低坝路低坝路9号', '15914905652', '', '', '536', 1, 1542858000, 1, ''),
(101, 569, 567, '26', '我', 567, '569,568,566', 1542902399, '广东省梅州市梅江区低坝路低坝路9号', '15914905652', '', '', '536', 2, 1542857654, 1, ''),
(100, 567, 567, '1234', 'werer', 567, '567,566,565', 1542902399, '广东省梅州市梅江区江南街道大园巷4号江信大厦(百花洲二巷)', '15914905652', '', '222', '570,569,568', 2, 1542855712, 1, ''),
(99, 566, 565, '测试题目', '叽叽叽叽里', 566, '570,569,568,567,566,565,564', 1542902399, '广东省梅州市梅县南口镇政府', '13801380000', '陈啊啊', '啊啊啊', '568,567,566,565', 1, 1542852104, 3, ''),
(98, 564, 564, '停电后', '测试一下', 564, '569,566,565,564', 1542815999, '梅州市梅江区江南低坝路怡乐新村16号', '18923034602', '潘', '', '566,565', 1, 1542790778, 2, ''),
(97, 564, 564, '测试潘', '测试一下', 564, '567,566,565,564', 1542729599, '广东省梅州市梅江区江南街道低坝路29号', '18923034602', '潘', '', '566,565', 1, 1542704764, 3, ''),
(96, 570, 570, '测试1', '测试', 570, '570,569,568', 1542729599, '广东省梅州市梅江区低坝路低坝路9号', '12345678999', '', '测试1', '570', 1, 1542681990, 4, ''),
(95, 564, 564, '任务1', '测试一下', 564, '566,565', 1542643199, '广东省梅州市梅江区江南街道低坝路12号', '18923034602', '潘', '', '565', 1, 1542615798, 4, ''),
(93, 569, 569, '好好好', '141', 569, '569,568,567,566,565,564', 1542643199, '广东省梅州市梅江区', '15914905652', '刘东', 'KKK', '569,565,564', 2, 1542615564, 1, ''),
(94, 5, 564, '测试项目', '测试项目', 564, '566,565', 1542643199, '广东省梅州市梅江区江南街道低坝路12号', '18923034602', '潘', '', '565', 1, 1542615584, 4, ''),
(92, 567, 567, '哈哈哈哈哈', '哈哈彼此', 567, '569,568,567,566,565,564', 1542643199, '广东省梅州市梅江区江南街道低坝路13-14号', '15914905652', '刘东', '哦哦', '569,568,567,566,565,564', 2, 1542610369, 3, ''),
(91, 567, 567, '哈哈哈', '刘东', 567, '569,568,567,566,565,564', 1542643199, '广东省梅州市梅江区江南街道低坝路13-14号', '15914905652', '刘东', '123456', '569,568,567,566,565,564', 2, 1542608038, 3, ''),
(90, 566, 566, '打包测试', '', 566, '569,566,565,564', 1542470399, '广东省梅州市万达广场', '15914905652', '刘东', '哈哈', '565,564', 2, 1542448319, 5, ''),
(89, 566, 566, '打包测试', '灵敏', 566, '569,566,565,564', 1542643199, '广东省惠州市博罗县', '15914905652', '刘东', '项目', '569,566,565,564', 2, 1542423719, 2, ''),
(88, 566, 566, '哈哈', '', 566, '569,568,567,566,565', 1542470399, '广东省梅州市梅江区江南汽车站', '15914905652', '刘总', '项目1', '565,564', 2, 1542418465, 2, ''),
(87, 5, 564, '测试一下', '测试潘', 564, '566,565', 1542556799, '广东省梅州市梅江区江南街道低坝路41号', '18923034602', '测试潘', '无', '565', 1, 1542392056, 4, ''),
(85, 569, 569, 'gas大法师', '', 569, '569,566,565', 1542383999, '广东省梅州市嘉应学院', '15914905652', '来来来', '', '565', 1, 1542351010, 3, ''),
(86, 566, 567, '任务', 'sss', 567, '569,568,566', 1542383999, '广东省梅州市梅江区低坝路', '12345678911', '属蛇', '', '569', 2, 1542357736, 4, ''),
(83, 569, 569, 'fasdfasfdasf', '11111111111111', 569, '569,566,565', 1542383999, '广东省梅州市梅江区江南街道梅州迎宾馆', '15914905652', 'www', '', '565', 1, 1542350624, 2, ''),
(84, 569, 569, '测试任务', '', 569, '569,566,565', 1542383999, '广东省梅州市梅江区江南街道梅州迎宾馆', '15914905652', '刘东', '', '565', 2, 1542350810, 6, ''),
(82, 569, 569, '测试刘东1', '我们都要去医院', 569, '569,568,567,566', 1542383999, '广东省梅州市梅江区低坝路低坝路9号', '15914905652', '哈哈哈', '项目刘东', '569', 2, 1542332106, 4, ''),
(81, 569, 569, '测试刘东', '测试刘东', 569, '569,568,567,566', 1542297599, '广东省梅州市梅江区低坝路低坝路9号', '12914905652', '刘东', '项目刘东', '569', 1, 1542091057, 4, ''),
(80, 565, 565, '教张焱语文', '识字', 565, '565,564,566,568', 1541865599, '广东省梅州市梅县区府前街府前街18号', '13800138000', '刘老师', '梓翰教育', '8,11', 1, 1541816428, 3, ''),
(79, 569, 565, '测试风云', '测试100', 564, '566,565,564', 1541779199, '广东省梅州市梅江区低坝路低坝路9号', '13800138000', '陈先生', '项目1', '8,13', 2, 1541736458, 4, ''),
(78, 565, 565, '哦了时空', '饿了来咯', 565, '565,564,566,568', 1541692799, '广东省梅州市梅江区碧桂园', '13800138000', '', '', '8,11', 1, 1541669295, 4, ''),
(76, 565, 565, '1235455', '', 565, '565,564,566,568', 1541692799, '广东省梅州市梅江区政府', '133456', '楚乔', '', '8,11', 1, 1541665853, 4, ''),
(77, 565, 565, '1235455阿狸咯么', '', 565, '565,564,566,568', 1541692799, '广东省梅州市梅县新县城', '22555', '', '', '8,11', 1, 1541667771, 3, ''),
(75, 565, 565, '墨迹来咯额会所呢还是自己', '哦里啦啊', 565, '565,564,566,568', 1541692799, '广东省梅州市梅江区低坝路低坝路9号', '13800138000', '', '', '8,11', 2, 1541664249, 6, ''),
(103, 569, 567, '28', '', 567, '569,568,566', 1542902399, '广东省梅州市梅江区低坝路低坝路9号', '12914905652', '', '', '536', 1, 1542858078, 1, ''),
(104, 569, 567, '29', 'Fog', 567, '569,568,566', 1542902399, '广东省梅州市梅江区低坝路低坝路9号', '15914905652', '', '', '536', 1, 1542858678, 1, ''),
(105, 569, 567, '30', '', 567, '569,568,566', 1542902399, '广东省梅州市', '15914905652', '', '', '536', 1, 1542858997, 1, ''),
(106, 569, 567, '31', 'Dysgenic', 567, '569,568,566', 1542902399, '广东省梅州市梅江区低坝路低坝路9号', '12914905652', '', '', '536', 1, 1542869903, 1, ''),
(107, 564, 564, '停电后1', '任务管理', 564, '569,566,565,564', 1542902399, '广东省梅州市梅江区江南街道低坝路29号', '18923034602', '潘', '', '566,565', 1, 1542875975, 4, '');

-- --------------------------------------------------------

--
-- 表的结构 `ld_user`
--

CREATE TABLE `ld_user` (
  `id` int(10) UNSIGNED NOT NULL,
  `user_name` varchar(30) NOT NULL DEFAULT '',
  `tel` varchar(20) NOT NULL DEFAULT '',
  `password` char(32) NOT NULL DEFAULT '',
  `token` varchar(100) NOT NULL DEFAULT '',
  `time_out` int(10) UNSIGNED NOT NULL DEFAULT '0',
  `dtoken` varchar(100) NOT NULL DEFAULT '' COMMENT '第三方推送的相应设备token',
  `company_id` int(10) UNSIGNED NOT NULL DEFAULT '0' COMMENT '公司id',
  `department_id` int(10) UNSIGNED NOT NULL DEFAULT '0' COMMENT '部门id',
  `position` varchar(30) NOT NULL DEFAULT '' COMMENT '职位名称',
  `create_time` int(10) UNSIGNED NOT NULL DEFAULT '0',
  `status` tinyint(1) UNSIGNED NOT NULL DEFAULT '1' COMMENT '用户状态1正常，0停用'
) ENGINE=InnoDB DEFAULT CHARSET=utf8mb4;

--
-- 转存表中的数据 `ld_user`
--

INSERT INTO `ld_user` (`id`, `user_name`, `tel`, `password`, `token`, `time_out`, `dtoken`, `company_id`, `department_id`, `position`, `create_time`, `status`) VALUES
(3, '13332701252', '13332701252', '15da5b87fbda7ab1a95e471a1247abce', 'f0e3a97f169385257c156bf58d5072cb7cb1db7b', 1544604372, '562d8921c75fde2d862f3ad3ce1a295a', 45, 1, '董事长', 1543408552, 1),
(4, '15914905652', '15914905652', '15da5b87fbda7ab1a95e471a1247abce', '7132f4c431c0ddd70c342b6a064de5631fc0be6d', 1544608774, '562d8921c75fde2d862f3ad3ce1a295a', 46, 2, '董事长', 1544407814, 1);

-- --------------------------------------------------------

--
-- 表的结构 `ld_version`
--

CREATE TABLE `ld_version` (
  `id` int(10) UNSIGNED NOT NULL,
  `app_type` varchar(20) NOT NULL DEFAULT '' COMMENT 'app类型 比如 ios android',
  `version` int(8) UNSIGNED NOT NULL DEFAULT '0' COMMENT '内部版本号',
  `version_code` varchar(20) NOT NULL DEFAULT '' COMMENT '外部版本号比如1.2.3',
  `is_force` tinyint(1) UNSIGNED NOT NULL DEFAULT '0' COMMENT '是否强制更新0不，1强制更新',
  `apk_url` varchar(255) NOT NULL DEFAULT '' COMMENT 'apk最新地址',
  `upgrade_point` varchar(500) NOT NULL DEFAULT '' COMMENT '升级提示',
  `status` tinyint(1) NOT NULL DEFAULT '0' COMMENT '状态',
  `create_time` int(10) UNSIGNED NOT NULL DEFAULT '0'
) ENGINE=InnoDB DEFAULT CHARSET=utf8;

--
-- 转储表的索引
--

--
-- 表的索引 `ld_admin`
--
ALTER TABLE `ld_admin`
  ADD PRIMARY KEY (`id`),
  ADD KEY `create_time` (`create_time`);

--
-- 表的索引 `ld_app_active`
--
ALTER TABLE `ld_app_active`
  ADD PRIMARY KEY (`id`);

--
-- 表的索引 `ld_company`
--
ALTER TABLE `ld_company`
  ADD PRIMARY KEY (`id`),
  ADD UNIQUE KEY `name` (`name`),
  ADD KEY `owner` (`owner`);

--
-- 表的索引 `ld_department`
--
ALTER TABLE `ld_department`
  ADD PRIMARY KEY (`id`),
  ADD KEY `company_id` (`company_id`);

--
-- 表的索引 `ld_labexecute`
--
ALTER TABLE `ld_labexecute`
  ADD PRIMARY KEY (`id`),
  ADD KEY `task_id_index` (`task_id`) USING BTREE,
  ADD KEY `task_id` (`task_id`) USING BTREE,
  ADD KEY `task_id_2` (`task_id`) USING BTREE;

--
-- 表的索引 `ld_labexrecord`
--
ALTER TABLE `ld_labexrecord`
  ADD PRIMARY KEY (`id`),
  ADD KEY `ex_id_index` (`ex_id`) USING BTREE;

--
-- 表的索引 `ld_labmessage`
--
ALTER TABLE `ld_labmessage`
  ADD PRIMARY KEY (`id`);

--
-- 表的索引 `ld_labtask`
--
ALTER TABLE `ld_labtask`
  ADD PRIMARY KEY (`id`),
  ADD KEY `create_man` (`create_man`) USING BTREE,
  ADD KEY `pm` (`pm`) USING BTREE;

--
-- 表的索引 `ld_user`
--
ALTER TABLE `ld_user`
  ADD PRIMARY KEY (`id`),
  ADD UNIQUE KEY `tel` (`tel`) USING BTREE,
  ADD KEY `company_id` (`company_id`),
  ADD KEY `token` (`token`);

--
-- 表的索引 `ld_version`
--
ALTER TABLE `ld_version`
  ADD PRIMARY KEY (`id`);

--
-- 在导出的表使用AUTO_INCREMENT
--

--
-- 使用表AUTO_INCREMENT `ld_admin`
--
ALTER TABLE `ld_admin`
  MODIFY `id` int(10) UNSIGNED NOT NULL AUTO_INCREMENT, AUTO_INCREMENT=2;

--
-- 使用表AUTO_INCREMENT `ld_app_active`
--
ALTER TABLE `ld_app_active`
  MODIFY `id` int(10) UNSIGNED NOT NULL AUTO_INCREMENT;

--
-- 使用表AUTO_INCREMENT `ld_company`
--
ALTER TABLE `ld_company`
  MODIFY `id` int(10) UNSIGNED NOT NULL AUTO_INCREMENT, AUTO_INCREMENT=47;

--
-- 使用表AUTO_INCREMENT `ld_department`
--
ALTER TABLE `ld_department`
  MODIFY `id` int(10) UNSIGNED NOT NULL AUTO_INCREMENT, AUTO_INCREMENT=3;

--
-- 使用表AUTO_INCREMENT `ld_labexecute`
--
ALTER TABLE `ld_labexecute`
  MODIFY `id` int(11) NOT NULL AUTO_INCREMENT, AUTO_INCREMENT=51;

--
-- 使用表AUTO_INCREMENT `ld_labexrecord`
--
ALTER TABLE `ld_labexrecord`
  MODIFY `id` int(11) NOT NULL AUTO_INCREMENT, AUTO_INCREMENT=59;

--
-- 使用表AUTO_INCREMENT `ld_labmessage`
--
ALTER TABLE `ld_labmessage`
  MODIFY `id` int(11) NOT NULL AUTO_INCREMENT, AUTO_INCREMENT=654;

--
-- 使用表AUTO_INCREMENT `ld_labtask`
--
ALTER TABLE `ld_labtask`
  MODIFY `id` int(11) NOT NULL AUTO_INCREMENT, AUTO_INCREMENT=108;

--
-- 使用表AUTO_INCREMENT `ld_user`
--
ALTER TABLE `ld_user`
  MODIFY `id` int(10) UNSIGNED NOT NULL AUTO_INCREMENT, AUTO_INCREMENT=5;

--
-- 使用表AUTO_INCREMENT `ld_version`
--
ALTER TABLE `ld_version`
  MODIFY `id` int(10) UNSIGNED NOT NULL AUTO_INCREMENT;
COMMIT;

/*!40101 SET CHARACTER_SET_CLIENT=@OLD_CHARACTER_SET_CLIENT */;
/*!40101 SET CHARACTER_SET_RESULTS=@OLD_CHARACTER_SET_RESULTS */;
/*!40101 SET COLLATION_CONNECTION=@OLD_COLLATION_CONNECTION */;
